,cutting_rect,frame,height_scale,video_name,width_scale
0,"[0, 0, 1225, 2160]",98,0.11851851851851852,lore.mp4,0.156734693877551
1,"[0, 0, 1245, 2160]",99,0.11851851851851852,lore.mp4,0.15421686746987953
2,"[0, 0, 1260, 2160]",100,0.11851851851851852,lore.mp4,0.1523809523809524
3,"[0, 0, 1252, 2160]",101,0.11851851851851852,lore.mp4,0.15335463258785942
4,"[0, 0, 1303, 2160]",102,0.11851851851851852,lore.mp4,0.14735226400613968
5,"[119, 0, 1205, 2160]",103,0.11851851851851852,lore.mp4,0.17679558011049723
6,"[145, 0, 1219, 2160]",104,0.11851851851851852,lore.mp4,0.1787709497206704
7,"[151, 0, 1243, 2160]",105,0.11851851851851852,lore.mp4,0.17582417582417584
8,"[177, 0, 1265, 2160]",106,0.11851851851851852,lore.mp4,0.17647058823529413
9,"[125, 0, 1295, 2160]",107,0.11851851851851852,lore.mp4,0.1641025641025641
10,"[129, 0, 1321, 2160]",108,0.11851851851851852,lore.mp4,0.1610738255033557
11,"[44, 0, 1394, 2160]",109,0.11851851851851852,lore.mp4,0.14222222222222222
12,"[77, 0, 1379, 2160]",110,0.11851851851851852,lore.mp4,0.14746543778801843
13,"[61, 0, 1405, 2160]",111,0.11851851851851852,lore.mp4,0.14285714285714285
14,"[110, 0, 1356, 2160]",112,0.11851851851851852,lore.mp4,0.15409309791332262
15,"[94, 0, 1402, 2160]",113,0.11851851851851852,lore.mp4,0.14678899082568808
16,"[16, 0, 1482, 2160]",114,0.11851851851851852,lore.mp4,0.13096862210095497
17,"[17, 0, 1491, 2160]",115,0.11851851851851852,lore.mp4,0.13025780189959293
18,"[0, 0, 1516, 2160]",116,0.11851851851851852,lore.mp4,0.1266490765171504
19,"[377, 461, 1477, 2160]",117,0.15067686874632136,lore.mp4,0.17454545454545456
20,"[367, 0, 1515, 2160]",118,0.11851851851851852,lore.mp4,0.1672473867595819
21,"[364, 0, 1556, 2160]",119,0.11851851851851852,lore.mp4,0.1610738255033557
22,"[358, 0, 1590, 2160]",120,0.11851851851851852,lore.mp4,0.15584415584415584
23,"[290, 75, 1660, 2160]",121,0.12278177458033573,lore.mp4,0.14014598540145987
24,"[347, 0, 1669, 2160]",122,0.11851851851851852,lore.mp4,0.14523449319213314
25,"[367, 0, 1649, 2160]",123,0.11851851851851852,lore.mp4,0.1497659906396256
26,"[302, 0, 1720, 2160]",124,0.11851851851851852,lore.mp4,0.13540197461212977
27,"[374, 0, 1684, 2160]",125,0.11851851851851852,lore.mp4,0.1465648854961832
28,"[429, 0, 1663, 2160]",126,0.11851851851851852,lore.mp4,0.15559157212317667
29,"[423, 0, 1691, 2160]",127,0.11851851851851852,lore.mp4,0.15141955835962145
30,"[424, 0, 1716, 2160]",128,0.11851851851851852,lore.mp4,0.14860681114551083
31,"[489, 0, 1693, 2160]",129,0.11851851851851852,lore.mp4,0.15946843853820597
32,"[493, 0, 1709, 2160]",130,0.11851851851851852,lore.mp4,0.15789473684210525
33,"[601, 0, 1651, 2138]",131,0.11973807296538821,lore.mp4,0.18285714285714286
34,"[778, 0, 1700, 2160]",132,0.11851851851851852,lore.mp4,0.20824295010845986
35,"[484, 0, 1734, 2160]",133,0.11851851851851852,lore.mp4,0.1536
36,"[756, 0, 1750, 2160]",134,0.11851851851851852,lore.mp4,0.193158953722334
37,"[738, 0, 1790, 2160]",135,0.11851851851851852,lore.mp4,0.18250950570342206
38,"[724, 0, 1838, 2160]",136,0.11851851851851852,lore.mp4,0.17235188509874327
39,"[722, 0, 1874, 2160]",137,0.11851851851851852,lore.mp4,0.16666666666666666
40,"[731, 0, 1881, 2160]",138,0.11851851851851852,lore.mp4,0.16695652173913045
41,"[740, 0, 1898, 2160]",139,0.11851851851851852,lore.mp4,0.16580310880829016
42,"[733, 0, 1919, 2160]",140,0.11851851851851852,lore.mp4,0.16188870151770657
43,"[838, 0, 1894, 2160]",141,0.11851851851851852,lore.mp4,0.18181818181818182
44,"[839, 0, 1917, 2160]",142,0.11851851851851852,lore.mp4,0.17810760667903525
45,"[831, 0, 1951, 2160]",143,0.11851851851851852,lore.mp4,0.17142857142857143
46,"[791, 0, 1967, 2160]",144,0.11851851851851852,lore.mp4,0.16326530612244897
47,"[841, 0, 1971, 2160]",145,0.11851851851851852,lore.mp4,0.16991150442477876
48,"[814, 0, 2010, 2160]",146,0.11851851851851852,lore.mp4,0.1605351170568562
49,"[807, 0, 2039, 2160]",147,0.11851851851851852,lore.mp4,0.15584415584415584
50,"[780, 0, 2074, 2160]",148,0.11851851851851852,lore.mp4,0.14837712519319937
51,"[959, 94, 2117, 2160]",149,0.12391093901258471,lore.mp4,0.16580310880829016
52,"[996, 0, 2098, 2160]",150,0.11851851851851852,lore.mp4,0.17422867513611615
53,"[983, 0, 2139, 2160]",151,0.11851851851851852,lore.mp4,0.16608996539792387
54,"[980, 0, 2172, 2160]",152,0.11851851851851852,lore.mp4,0.1610738255033557
55,"[961, 0, 2231, 2160]",153,0.11851851851851852,lore.mp4,0.15118110236220472
56,"[956, 0, 2258, 2160]",154,0.11851851851851852,lore.mp4,0.14746543778801843
57,"[982, 0, 2286, 2160]",155,0.11851851851851852,lore.mp4,0.147239263803681
58,"[986, 0, 2288, 2160]",156,0.11851851851851852,lore.mp4,0.14746543778801843
59,"[1031, 0, 2299, 2160]",157,0.11851851851851852,lore.mp4,0.15141955835962145
60,"[1043, 0, 2283, 2160]",158,0.11851851851851852,lore.mp4,0.15483870967741936
61,"[1001, 0, 2315, 2160]",159,0.11851851851851852,lore.mp4,0.1461187214611872
62,"[984, 0, 2350, 2160]",160,0.11851851851851852,lore.mp4,0.14055636896046853
63,"[990, 0, 2374, 2160]",161,0.11851851851851852,lore.mp4,0.13872832369942195
64,"[1033, 0, 2375, 2160]",162,0.11851851851851852,lore.mp4,0.14307004470938897
65,"[958, 0, 2462, 2160]",163,0.11851851851851852,lore.mp4,0.1276595744680851
66,"[1315, 0, 2343, 2160]",164,0.11851851851851852,lore.mp4,0.1867704280155642
67,"[1316, 0, 2356, 2160]",165,0.11851851851851852,lore.mp4,0.18461538461538463
68,"[1285, 0, 2377, 2160]",166,0.11851851851851852,lore.mp4,0.17582417582417584
69,"[1272, 0, 2452, 2160]",167,0.11851851851851852,lore.mp4,0.16271186440677965
70,"[1266, 0, 2468, 2160]",168,0.11851851851851852,lore.mp4,0.15973377703826955
71,"[1284, 62, 2444, 2160]",169,0.12202097235462345,lore.mp4,0.16551724137931034
72,"[1338, 0, 2496, 2160]",170,0.11851851851851852,lore.mp4,0.16580310880829016
73,"[1371, 0, 2475, 2160]",171,0.11851851851851852,lore.mp4,0.17391304347826086
74,"[1381, 0, 2493, 2160]",172,0.11851851851851852,lore.mp4,0.17266187050359713
75,"[1392, 0, 2502, 2160]",173,0.11851851851851852,lore.mp4,0.17297297297297298
76,"[1427, 0, 2487, 2160]",174,0.11851851851851852,lore.mp4,0.1811320754716981
77,"[1424, 0, 2518, 2160]",175,0.11851851851851852,lore.mp4,0.17550274223034734
78,"[1396, 0, 2554, 2160]",176,0.11851851851851852,lore.mp4,0.16580310880829016
79,"[1395, 0, 2603, 2148]",177,0.1191806331471136,lore.mp4,0.15894039735099338
80,"[1635, 0, 2609, 2160]",178,0.11851851851851852,lore.mp4,0.1971252566735113
81,"[1614, 0, 2626, 2160]",179,0.11851851851851852,lore.mp4,0.18972332015810275
82,"[1590, 0, 2662, 2160]",180,0.11851851851851852,lore.mp4,0.1791044776119403
83,"[1593, 0, 2701, 2160]",181,0.11851851851851852,lore.mp4,0.17328519855595667
84,"[1610, 0, 2702, 2160]",182,0.11851851851851852,lore.mp4,0.17582417582417584
85,"[1591, 0, 2729, 2160]",183,0.11851851851851852,lore.mp4,0.1687170474516696
86,"[1557, 169, 2791, 2160]",184,0.12857860371672528,lore.mp4,0.15559157212317667
87,"[1503, 176, 2877, 2160]",185,0.12903225806451613,lore.mp4,0.13973799126637554
88,"[1518, 244, 2892, 2160]",186,0.1336116910229645,lore.mp4,0.13973799126637554
89,"[1538, 149, 2918, 2160]",187,0.1272998508204873,lore.mp4,0.1391304347826087
90,"[1494, 200, 2966, 2160]",188,0.1306122448979592,lore.mp4,0.13043478260869565
91,"[1570, 0, 2920, 2160]",189,0.11851851851851852,lore.mp4,0.14222222222222222
92,"[1598, 0, 2920, 2160]",190,0.11851851851851852,lore.mp4,0.14523449319213314
93,"[1580, 0, 2940, 2160]",191,0.11851851851851852,lore.mp4,0.1411764705882353
94,"[1558, 0, 2984, 2160]",192,0.11851851851851852,lore.mp4,0.13464235624123422
95,"[1510, 0, 3050, 2160]",193,0.11851851851851852,lore.mp4,0.12467532467532468
96,"[1504, 0, 3078, 2160]",194,0.11851851851851852,lore.mp4,0.12198221092757307
97,"[1489, 0, 3093, 2160]",195,0.11851851851851852,lore.mp4,0.11970074812967581
98,"[1453, 0, 3115, 2160]",196,0.11851851851851852,lore.mp4,0.11552346570397112
99,"[1835, 86, 3023, 2160]",197,0.12343297974927676,lore.mp4,0.16161616161616163
100,"[1897, 0, 3019, 2160]",198,0.11851851851851852,lore.mp4,0.1711229946524064
101,"[1919, 0, 3061, 2160]",199,0.11851851851851852,lore.mp4,0.1681260945709282
102,"[1885, 0, 3097, 2160]",200,0.11851851851851852,lore.mp4,0.15841584158415842
103,"[1885, 0, 3111, 2160]",201,0.11851851851851852,lore.mp4,0.1566068515497553
104,"[1948, 0, 3086, 2160]",202,0.11851851851851852,lore.mp4,0.1687170474516696
105,"[1966, 0, 3098, 2160]",203,0.11851851851851852,lore.mp4,0.1696113074204947
106,"[1951, 0, 3131, 2160]",204,0.11851851851851852,lore.mp4,0.16271186440677965
107,"[1961, 0, 3151, 2160]",205,0.11851851851851852,lore.mp4,0.16134453781512606
108,"[1944, 0, 3186, 2160]",206,0.11851851851851852,lore.mp4,0.15458937198067632
109,"[1948, 0, 3208, 2034]",207,0.12586037364798427,lore.mp4,0.1523809523809524
110,"[1890, 0, 3286, 2038]",208,0.1256133464180569,lore.mp4,0.13753581661891118
111,"[1865, 0, 3341, 2160]",209,0.11851851851851852,lore.mp4,0.13008130081300814
112,"[1791, 0, 3401, 2160]",210,0.11851851851851852,lore.mp4,0.11925465838509317
113,"[2164, 0, 3282, 2160]",211,0.11851851851851852,lore.mp4,0.17173524150268335
114,"[2198, 0, 3276, 2160]",212,0.11851851851851852,lore.mp4,0.17810760667903525
115,"[2205, 0, 3307, 1979]",213,0.12935826174835777,lore.mp4,0.17422867513611615
116,"[2200, 0, 3344, 2160]",214,0.11851851851851852,lore.mp4,0.16783216783216784
117,"[2196, 0, 3400, 2160]",215,0.11851851851851852,lore.mp4,0.15946843853820597
118,"[2213, 0, 3439, 2160]",216,0.11851851851851852,lore.mp4,0.1566068515497553
119,"[2226, 0, 3446, 2160]",217,0.11851851851851852,lore.mp4,0.15737704918032788
120,"[2214, 0, 3482, 2160]",218,0.11851851851851852,lore.mp4,0.15141955835962145
121,"[2169, 65, 3491, 2160]",219,0.12219570405727924,lore.mp4,0.14523449319213314
122,"[2184, 0, 3538, 2160]",220,0.11851851851851852,lore.mp4,0.14180206794682423
123,"[2138, 0, 3582, 2160]",221,0.11851851851851852,lore.mp4,0.1329639889196676
124,"[2140, 0, 3592, 2160]",222,0.11851851851851852,lore.mp4,0.1322314049586777
125,"[2064, 0, 3692, 2160]",223,0.11851851851851852,lore.mp4,0.11793611793611794
126,"[2097, 0, 3669, 2160]",224,0.11851851851851852,lore.mp4,0.12213740458015267
127,"[2045, 0, 3725, 2160]",225,0.11851851851851852,lore.mp4,0.11428571428571428
128,"[2023, 0, 3753, 2160]",226,0.11851851851851852,lore.mp4,0.11098265895953757
129,"[1971, 0, 3809, 2160]",227,0.11851851851851852,lore.mp4,0.1044613710554951
130,"[2036, 0, 3734, 2160]",228,0.11851851851851852,lore.mp4,0.11307420494699646
131,"[2410, 0, 3694, 2160]",229,0.11851851851851852,lore.mp4,0.14953271028037382
132,"[2438, 0, 3718, 2160]",230,0.11851851851851852,lore.mp4,0.15
133,"[2403, 39, 3717, 2160]",231,0.1206977840641207,lore.mp4,0.1461187214611872
134,"[2390, 23, 3758, 2160]",232,0.11979410388394947,lore.mp4,0.14035087719298245
135,"[2480, 0, 3776, 2160]",233,0.11851851851851852,lore.mp4,0.14814814814814814
136,"[2394, 0, 3794, 2160]",234,0.11851851851851852,lore.mp4,0.13714285714285715
137,"[2410, 0, 3764, 2160]",235,0.11851851851851852,lore.mp4,0.14180206794682423
138,"[2453, 0, 3801, 2160]",236,0.11851851851851852,lore.mp4,0.142433234421365
139,"[2482, 0, 3800, 2160]",237,0.11851851851851852,lore.mp4,0.1456752655538695
140,"[2470, 0, 3832, 2160]",238,0.11851851851851852,lore.mp4,0.14096916299559473
141,"[2496, 0, 3832, 2160]",239,0.11851851851851852,lore.mp4,0.1437125748502994
142,"[2550, 0, 3796, 2055]",240,0.1245742092457421,lore.mp4,0.15409309791332262
143,"[2494, 0, 3840, 2160]",241,0.11851851851851852,lore.mp4,0.1426448736998514
144,"[2512, 0, 3820, 2160]",242,0.11851851851851852,lore.mp4,0.14678899082568808
145,"[2587, 0, 3757, 2160]",243,0.11851851851851852,lore.mp4,0.1641025641025641
146,"[2791, 0, 3840, 2160]",244,0.11851851851851852,lore.mp4,0.18303145853193517
147,"[2764, 0, 3840, 2160]",245,0.11851851851851852,lore.mp4,0.17843866171003717
148,"[2771, 0, 3840, 2160]",246,0.11851851851851852,lore.mp4,0.1796071094480823
149,"[2802, 0, 3840, 2160]",247,0.11851851851851852,lore.mp4,0.18497109826589594
150,"[2775, 0, 3840, 2160]",248,0.11851851851851852,lore.mp4,0.18028169014084508
151,"[2786, 0, 3840, 2160]",249,0.11851851851851852,lore.mp4,0.18216318785578747
152,"[2780, 0, 3840, 2160]",250,0.11851851851851852,lore.mp4,0.1811320754716981
153,"[2795, 68, 3840, 2160]",251,0.12237093690248566,lore.mp4,0.18373205741626794
154,"[2811, 20, 3840, 2160]",252,0.11962616822429907,lore.mp4,0.18658892128279883
155,"[2794, 0, 3840, 2160]",253,0.11851851851851852,lore.mp4,0.1835564053537285
156,"[2657, 0, 3840, 2160]",483,0.11851851851851852,lore.mp4,0.16229923922231615
157,"[2666, 0, 3840, 2160]",484,0.11851851851851852,lore.mp4,0.1635434412265758
158,"[2673, 0, 3840, 2160]",485,0.11851851851851852,lore.mp4,0.16452442159383032
159,"[2683, 0, 3840, 2160]",486,0.11851851851851852,lore.mp4,0.16594641313742436
160,"[2664, 0, 3840, 2160]",487,0.11851851851851852,lore.mp4,0.16326530612244897
161,"[2571, 0, 3769, 2064]",488,0.12403100775193798,lore.mp4,0.16026711185308848
162,"[2578, 0, 3750, 2043]",489,0.12530592266275087,lore.mp4,0.16382252559726962
163,"[2586, 0, 3732, 2051]",490,0.12481716235982447,lore.mp4,0.16753926701570682
164,"[2573, 0, 3739, 1972]",491,0.12981744421906694,lore.mp4,0.1646655231560892
165,"[2504, 0, 3810, 2160]",492,0.11851851851851852,lore.mp4,0.14701378254211334
166,"[2571, 0, 3745, 2027]",493,0.1262950172668969,lore.mp4,0.1635434412265758
167,"[2463, 0, 3821, 2160]",494,0.11851851851851852,lore.mp4,0.14138438880706922
168,"[2466, 0, 3796, 2160]",495,0.11851851851851852,lore.mp4,0.1443609022556391
169,"[2390, 0, 3840, 2160]",496,0.11851851851851852,lore.mp4,0.13241379310344828
170,"[2431, 18, 3805, 2160]",497,0.11951447245564893,lore.mp4,0.13973799126637554
171,"[2426, 0, 3792, 2160]",498,0.11851851851851852,lore.mp4,0.14055636896046853
172,"[2435, 0, 3759, 2160]",499,0.11851851851851852,lore.mp4,0.14501510574018128
173,"[2390, 0, 3742, 2160]",500,0.11851851851851852,lore.mp4,0.14201183431952663
174,"[2422, 0, 3722, 2160]",501,0.11851851851851852,lore.mp4,0.1476923076923077
175,"[2409, 0, 3711, 2160]",502,0.11851851851851852,lore.mp4,0.14746543778801843
176,"[2394, 0, 3686, 2160]",503,0.11851851851851852,lore.mp4,0.14860681114551083
177,"[2405, 0, 3667, 2160]",504,0.11851851851851852,lore.mp4,0.15213946117274169
178,"[2419, 0, 3649, 2160]",505,0.11851851851851852,lore.mp4,0.15609756097560976
179,"[2401, 0, 3669, 2160]",506,0.11851851851851852,lore.mp4,0.15141955835962145
180,"[2137, 0, 3631, 2160]",507,0.11851851851851852,lore.mp4,0.1285140562248996
181,"[2169, 0, 3605, 2160]",508,0.11851851851851852,lore.mp4,0.13370473537604458
182,"[2126, 55, 3630, 2160]",509,0.12161520190023753,lore.mp4,0.1276595744680851
183,"[2142, 134, 3604, 2160]",510,0.1263573543928924,lore.mp4,0.13132694938440492
184,"[2109, 171, 3625, 2160]",511,0.12870789341377575,lore.mp4,0.1266490765171504
185,"[2144, 167, 3568, 2160]",512,0.12844957350727546,lore.mp4,0.1348314606741573
186,"[2141, 122, 3569, 2160]",513,0.1256133464180569,lore.mp4,0.13445378151260504
187,"[2186, 54, 3508, 2160]",514,0.12155745489078823,lore.mp4,0.14523449319213314
188,"[2178, 0, 3454, 2160]",515,0.11851851851851852,lore.mp4,0.15047021943573669
189,"[2214, 0, 3400, 2160]",516,0.11851851851851852,lore.mp4,0.16188870151770657
190,"[2182, 0, 3388, 2160]",517,0.11851851851851852,lore.mp4,0.15920398009950248
191,"[2189, 36, 3385, 2160]",518,0.12052730696798493,lore.mp4,0.1605351170568562
192,"[2172, 31, 3348, 2160]",519,0.12024424612494129,lore.mp4,0.16326530612244897
193,"[2150, 35, 3354, 2160]",520,0.12047058823529412,lore.mp4,0.15946843853820597
194,"[2154, 54, 3326, 2160]",521,0.12155745489078823,lore.mp4,0.16382252559726962
195,"[2117, 0, 3359, 2160]",522,0.11851851851851852,lore.mp4,0.15458937198067632
196,"[2149, 0, 3321, 2160]",523,0.11851851851851852,lore.mp4,0.16382252559726962
197,"[2138, 0, 3310, 2160]",524,0.11851851851851852,lore.mp4,0.16382252559726962
198,"[2146, 0, 3278, 2160]",525,0.11851851851851852,lore.mp4,0.1696113074204947
199,"[1980, 168, 3238, 2160]",526,0.1285140562248996,lore.mp4,0.15262321144674085
200,"[1983, 130, 3217, 2160]",527,0.12610837438423644,lore.mp4,0.15559157212317667
201,"[1978, 154, 3210, 2160]",528,0.12761714855433698,lore.mp4,0.15584415584415584
202,"[1929, 154, 3251, 2160]",529,0.12761714855433698,lore.mp4,0.14523449319213314
203,"[1944, 162, 3206, 2160]",530,0.12812812812812813,lore.mp4,0.15213946117274169
204,"[1926, 204, 3196, 2160]",531,0.130879345603272,lore.mp4,0.15118110236220472
205,"[1921, 99, 3197, 2160]",532,0.12421154779233382,lore.mp4,0.15047021943573669
206,"[1851, 52, 3223, 2160]",533,0.12144212523719165,lore.mp4,0.13994169096209913
207,"[1770, 30, 3254, 2160]",534,0.12018779342723004,lore.mp4,0.1293800539083558
208,"[1770, 93, 3260, 2160]",535,0.12385099177552007,lore.mp4,0.12885906040268458
209,"[1734, 39, 3252, 2160]",536,0.1206977840641207,lore.mp4,0.12648221343873517
210,"[1702, 0, 3258, 2160]",537,0.11851851851851852,lore.mp4,0.12339331619537275
211,"[1707, 62, 3257, 2160]",538,0.12202097235462345,lore.mp4,0.12387096774193548
212,"[1694, 63, 3224, 2160]",539,0.12207916070577014,lore.mp4,0.12549019607843137
213,"[1680, 76, 3212, 2160]",540,0.12284069097888675,lore.mp4,0.12532637075718014
214,"[1766, 0, 3136, 2160]",541,0.11851851851851852,lore.mp4,0.14014598540145987
215,"[1739, 0, 3141, 2160]",542,0.11851851851851852,lore.mp4,0.1369472182596291
216,"[1706, 98, 3126, 2160]",543,0.12415130940834142,lore.mp4,0.1352112676056338
217,"[1358, 0, 3192, 2160]",544,0.11851851851851852,lore.mp4,0.10468920392584515
218,"[1387, 0, 3179, 2160]",545,0.11851851851851852,lore.mp4,0.10714285714285714
219,"[1374, 0, 3182, 2160]",546,0.11851851851851852,lore.mp4,0.10619469026548672
220,"[1353, 0, 3189, 2160]",547,0.11851851851851852,lore.mp4,0.10457516339869281
221,"[1366, 0, 3164, 2160]",548,0.11851851851851852,lore.mp4,0.1067853170189099
222,"[1388, 0, 3134, 2160]",549,0.11851851851851852,lore.mp4,0.10996563573883161
223,"[1359, 151, 3171, 2160]",550,0.12742658038825286,lore.mp4,0.10596026490066225
224,"[1343, 191, 3173, 2160]",551,0.13001523616048755,lore.mp4,0.10491803278688525
225,"[1436, 186, 3082, 2160]",552,0.12968591691995948,lore.mp4,0.1166464155528554
226,"[1455, 229, 3017, 2160]",553,0.13257379596064214,lore.mp4,0.12291933418693982
227,"[1587, 0, 2855, 2160]",554,0.11851851851851852,lore.mp4,0.15141955835962145
228,"[1588, 0, 2832, 2160]",555,0.11851851851851852,lore.mp4,0.15434083601286175
229,"[1543, 178, 2851, 2160]",556,0.12916246215943492,lore.mp4,0.14678899082568808
230,"[1587, 0, 2759, 2160]",557,0.11851851851851852,lore.mp4,0.16382252559726962
231,"[1556, 0, 2758, 2160]",558,0.11851851851851852,lore.mp4,0.15973377703826955
232,"[1551, 0, 2737, 2160]",559,0.11851851851851852,lore.mp4,0.16188870151770657
233,"[1553, 0, 2719, 2160]",560,0.11851851851851852,lore.mp4,0.1646655231560892
234,"[1279, 0, 2693, 2160]",561,0.11851851851851852,lore.mp4,0.13578500707213578
235,"[1554, 0, 2708, 2160]",562,0.11851851851851852,lore.mp4,0.1663778162911612
236,"[1307, 0, 2621, 1968]",563,0.13008130081300814,lore.mp4,0.1461187214611872
237,"[1327, 0, 2593, 1945]",564,0.13161953727506426,lore.mp4,0.15165876777251186
238,"[1336, 0, 2578, 1981]",565,0.1292276627965674,lore.mp4,0.15458937198067632
239,"[1322, 0, 2590, 1961]",566,0.13054563997960225,lore.mp4,0.15141955835962145
240,"[1366, 137, 2556, 2160]",567,0.12654473554127532,lore.mp4,0.16134453781512606
241,"[1362, 162, 2564, 2160]",568,0.12812812812812813,lore.mp4,0.15973377703826955
242,"[1378, 534, 2508, 2160]",569,0.15744157441574416,lore.mp4,0.16991150442477876
243,"[1373, 529, 2481, 2160]",570,0.15695892090741875,lore.mp4,0.17328519855595667
244,"[1347, 544, 2489, 2160]",571,0.15841584158415842,lore.mp4,0.1681260945709282
245,"[1342, 561, 2502, 2160]",572,0.16010006253908693,lore.mp4,0.16551724137931034
246,"[1335, 572, 2489, 2160]",573,0.16120906801007556,lore.mp4,0.1663778162911612
247,"[1295, 572, 2483, 2160]",574,0.16120906801007556,lore.mp4,0.16161616161616163
248,"[1261, 563, 2511, 2160]",575,0.16030056355666875,lore.mp4,0.1536
249,"[1219, 256, 2547, 2160]",576,0.13445378151260504,lore.mp4,0.14457831325301204
250,"[1276, 554, 2480, 2160]",577,0.15940224159402241,lore.mp4,0.15946843853820597
251,"[1265, 559, 2461, 2160]",578,0.1599000624609619,lore.mp4,0.1605351170568562
252,"[1255, 561, 2449, 2160]",579,0.16010006253908693,lore.mp4,0.16080402010050251
253,"[1284, 0, 2416, 2160]",580,0.11851851851851852,lore.mp4,0.1696113074204947
254,"[1218, 550, 2428, 2160]",581,0.15900621118012423,lore.mp4,0.15867768595041323
255,"[1219, 542, 2407, 2160]",582,0.15822002472187885,lore.mp4,0.16161616161616163
256,"[1013, 0, 2385, 2160]",583,0.11851851851851852,lore.mp4,0.13994169096209913
257,"[982, 0, 2430, 2160]",584,0.11851851851851852,lore.mp4,0.13259668508287292
258,"[991, 0, 2415, 2160]",585,0.11851851851851852,lore.mp4,0.1348314606741573
259,"[1029, 547, 2387, 2160]",586,0.1587104773713577,lore.mp4,0.14138438880706922
260,"[1090, 0, 2266, 2160]",587,0.11851851851851852,lore.mp4,0.16326530612244897
261,"[1048, 581, 2352, 2160]",588,0.16212792906903103,lore.mp4,0.147239263803681
262,"[1039, 584, 2355, 2160]",589,0.16243654822335024,lore.mp4,0.1458966565349544
263,"[1105, 551, 2277, 2160]",590,0.15910503418272218,lore.mp4,0.16382252559726962
264,"[1097, 540, 2269, 2160]",591,0.1580246913580247,lore.mp4,0.16382252559726962
265,"[1088, 509, 2218, 2160]",592,0.15505754088431253,lore.mp4,0.16991150442477876
266,"[1056, 513, 2222, 2160]",593,0.1554341226472374,lore.mp4,0.1646655231560892
267,"[1050, 530, 2184, 2160]",594,0.1570552147239264,lore.mp4,0.1693121693121693
268,"[1046, 536, 2164, 2160]",595,0.15763546798029557,lore.mp4,0.17173524150268335
269,"[1051, 522, 2095, 2160]",596,0.1562881562881563,lore.mp4,0.1839080459770115
270,"[1063, 538, 2021, 2160]",597,0.15782983970406905,lore.mp4,0.20041753653444677
271,"[1084, 516, 2008, 2160]",598,0.15571776155717762,lore.mp4,0.2077922077922078
272,"[814, 0, 1990, 2160]",599,0.11851851851851852,lore.mp4,0.16326530612244897
273,"[886, 150, 1960, 2160]",600,0.12736318407960198,lore.mp4,0.1787709497206704
274,"[804, 0, 1986, 2160]",601,0.11851851851851852,lore.mp4,0.16243654822335024
275,"[779, 0, 1997, 2160]",602,0.11851851851851852,lore.mp4,0.15763546798029557
276,"[791, 0, 1943, 2160]",603,0.11851851851851852,lore.mp4,0.16666666666666666
277,"[813, 0, 1919, 2160]",604,0.11851851851851852,lore.mp4,0.1735985533453888
278,"[779, 0, 1915, 2160]",605,0.11851851851851852,lore.mp4,0.16901408450704225
279,"[766, 0, 1916, 2160]",606,0.11851851851851852,lore.mp4,0.16695652173913045
280,"[694, 0, 1968, 2160]",607,0.11851851851851852,lore.mp4,0.15070643642072212
281,"[663, 0, 1967, 2160]",608,0.11851851851851852,lore.mp4,0.147239263803681
282,"[661, 0, 1917, 2160]",609,0.11851851851851852,lore.mp4,0.15286624203821655
283,"[610, 0, 1930, 2160]",610,0.11851851851851852,lore.mp4,0.14545454545454545
284,"[595, 0, 1943, 2160]",611,0.11851851851851852,lore.mp4,0.142433234421365
285,"[575, 0, 1941, 2160]",612,0.11851851851851852,lore.mp4,0.14055636896046853
286,"[583, 0, 1909, 2160]",613,0.11851851851851852,lore.mp4,0.14479638009049775
287,"[611, 0, 1877, 2160]",614,0.11851851851851852,lore.mp4,0.15165876777251186
288,"[428, 0, 1754, 2160]",615,0.11851851851851852,lore.mp4,0.14479638009049775
289,"[413, 0, 1781, 2160]",616,0.11851851851851852,lore.mp4,0.14035087719298245
290,"[380, 0, 1802, 2160]",617,0.11851851851851852,lore.mp4,0.1350210970464135
291,"[372, 0, 1824, 2160]",618,0.11851851851851852,lore.mp4,0.1322314049586777
292,"[365, 0, 1815, 2160]",619,0.11851851851851852,lore.mp4,0.13241379310344828
293,"[375, 0, 1797, 2160]",620,0.11851851851851852,lore.mp4,0.1350210970464135
294,"[359, 0, 1761, 2160]",621,0.11851851851851852,lore.mp4,0.1369472182596291
295,"[364, 0, 1750, 2160]",622,0.11851851851851852,lore.mp4,0.13852813852813853
296,"[346, 0, 1756, 2160]",623,0.11851851851851852,lore.mp4,0.13617021276595745
297,"[343, 0, 1749, 2160]",624,0.11851851851851852,lore.mp4,0.13655761024182078
298,"[333, 0, 1715, 2160]",625,0.11851851851851852,lore.mp4,0.1389290882778582
299,"[327, 0, 1693, 2160]",626,0.11851851851851852,lore.mp4,0.14055636896046853
300,"[354, 0, 1624, 2160]",627,0.11851851851851852,lore.mp4,0.15118110236220472
301,"[380, 0, 1542, 2160]",628,0.11851851851851852,lore.mp4,0.16523235800344235
302,"[387, 0, 1503, 2160]",629,0.11851851851851852,lore.mp4,0.17204301075268819
303,"[370, 0, 1514, 2160]",630,0.11851851851851852,lore.mp4,0.16783216783216784
304,"[183, 0, 1387, 2160]",631,0.11851851851851852,lore.mp4,0.15946843853820597
305,"[168, 0, 1392, 2160]",632,0.11851851851851852,lore.mp4,0.1568627450980392
306,"[153, 0, 1405, 2160]",633,0.11851851851851852,lore.mp4,0.15335463258785942
307,"[196, 0, 1378, 2160]",634,0.11851851851851852,lore.mp4,0.16243654822335024
308,"[187, 0, 1377, 2160]",635,0.11851851851851852,lore.mp4,0.16134453781512606
309,"[205, 0, 1321, 2160]",636,0.11851851851851852,lore.mp4,0.17204301075268819
310,"[167, 0, 1347, 2160]",637,0.11851851851851852,lore.mp4,0.16271186440677965
311,"[100, 0, 1362, 2160]",638,0.11851851851851852,lore.mp4,0.15213946117274169
312,"[96, 0, 1334, 2160]",639,0.11851851851851852,lore.mp4,0.15508885298869143
313,"[109, 0, 1319, 2160]",640,0.11851851851851852,lore.mp4,0.15867768595041323
314,"[108, 0, 1304, 2160]",641,0.11851851851851852,lore.mp4,0.1605351170568562
315,"[85, 0, 1273, 2160]",642,0.11851851851851852,lore.mp4,0.16161616161616163
316,"[61, 0, 1285, 2160]",643,0.11851851851851852,lore.mp4,0.1568627450980392
317,"[24, 0, 1290, 2160]",644,0.11851851851851852,lore.mp4,0.15165876777251186
318,"[35, 0, 1287, 2160]",645,0.11851851851851852,lore.mp4,0.15335463258785942
319,"[38, 0, 1274, 2160]",646,0.11851851851851852,lore.mp4,0.1553398058252427
320,"[26, 0, 1274, 2160]",647,0.11851851851851852,lore.mp4,0.15384615384615385
321,"[0, 0, 1288, 2160]",648,0.11851851851851852,lore.mp4,0.14906832298136646
322,"[0, 0, 1214, 2160]",649,0.11851851851851852,lore.mp4,0.15815485996705106
323,"[0, 0, 1210, 2160]",650,0.11851851851851852,lore.mp4,0.15867768595041323
324,"[0, 0, 1239, 2160]",651,0.11851851851851852,lore.mp4,0.1549636803874092
325,"[0, 0, 1221, 2160]",652,0.11851851851851852,lore.mp4,0.15724815724815724
326,"[0, 0, 1224, 2160]",653,0.11851851851851852,lore.mp4,0.1568627450980392
327,"[0, 0, 1171, 2160]",654,0.11851851851851852,lore.mp4,0.16396242527754057
328,"[0, 0, 1198, 2160]",655,0.11851851851851852,lore.mp4,0.16026711185308848
329,"[0, 0, 1203, 2160]",656,0.11851851851851852,lore.mp4,0.1596009975062344
330,"[0, 0, 1158, 2160]",657,0.11851851851851852,lore.mp4,0.16580310880829016
331,"[0, 0, 1155, 2160]",658,0.11851851851851852,lore.mp4,0.16623376623376623
332,"[0, 0, 1118, 2160]",659,0.11851851851851852,lore.mp4,0.17173524150268335
333,"[0, 0, 1045, 2160]",660,0.11851851851851852,lore.mp4,0.18373205741626794
334,"[0, 0, 1038, 2160]",661,0.11851851851851852,lore.mp4,0.18497109826589594
335,"[0, 0, 1118, 2160]",662,0.11851851851851852,lore.mp4,0.17173524150268335
336,"[0, 0, 964, 2160]",903,0.11851851851851852,lore.mp4,0.1991701244813278
337,"[0, 0, 1037, 2160]",904,0.11851851851851852,lore.mp4,0.18514946962391515
338,"[0, 0, 1033, 2160]",905,0.11851851851851852,lore.mp4,0.18586640851887706
339,"[0, 0, 1078, 2160]",906,0.11851851851851852,lore.mp4,0.17810760667903525
340,"[0, 0, 1100, 2160]",907,0.11851851851851852,lore.mp4,0.17454545454545456
341,"[0, 0, 1123, 2160]",908,0.11851851851851852,lore.mp4,0.1709706144256456
342,"[0, 0, 1221, 2160]",909,0.11851851851851852,lore.mp4,0.15724815724815724
343,"[0, 0, 1319, 2160]",910,0.11851851851851852,lore.mp4,0.14556482183472327
344,"[0, 0, 1398, 2160]",911,0.11851851851851852,lore.mp4,0.13733905579399142
345,"[0, 0, 1430, 2160]",912,0.11851851851851852,lore.mp4,0.13426573426573427
346,"[0, 0, 1372, 2160]",913,0.11851851851851852,lore.mp4,0.13994169096209913
347,"[0, 0, 1422, 2160]",914,0.11851851851851852,lore.mp4,0.1350210970464135
348,"[0, 0, 1519, 2160]",915,0.11851851851851852,lore.mp4,0.12639894667544438
349,"[0, 0, 1550, 2160]",916,0.11851851851851852,lore.mp4,0.12387096774193548
350,"[0, 0, 1567, 2160]",917,0.11851851851851852,lore.mp4,0.1225271218889598
351,"[0, 0, 1594, 2160]",918,0.11851851851851852,lore.mp4,0.12045169385194479
352,"[0, 0, 1608, 2160]",919,0.11851851851851852,lore.mp4,0.11940298507462686
353,"[0, 0, 1631, 2160]",920,0.11851851851851852,lore.mp4,0.11771919068056406
354,"[0, 0, 1618, 2160]",921,0.11851851851851852,lore.mp4,0.11866501854140915
355,"[0, 0, 1549, 2160]",922,0.11851851851851852,lore.mp4,0.12395093608779859
356,"[128, 0, 1430, 2157]",923,0.1186833565136764,lore.mp4,0.14746543778801843
357,"[149, 0, 1407, 2160]",924,0.11851851851851852,lore.mp4,0.15262321144674085
358,"[462, 0, 1404, 2160]",925,0.11851851851851852,lore.mp4,0.20382165605095542
359,"[114, 0, 1430, 2160]",926,0.11851851851851852,lore.mp4,0.1458966565349544
360,"[425, 0, 1467, 2160]",927,0.11851851851851852,lore.mp4,0.18426103646833014
361,"[424, 0, 1518, 2160]",928,0.11851851851851852,lore.mp4,0.17550274223034734
362,"[385, 0, 1619, 2160]",929,0.11851851851851852,lore.mp4,0.15559157212317667
363,"[433, 0, 1627, 2143]",930,0.11945870275314979,lore.mp4,0.16080402010050251
364,"[392, 0, 1658, 2160]",931,0.11851851851851852,lore.mp4,0.15165876777251186
365,"[424, 0, 1688, 2160]",932,0.11851851851851852,lore.mp4,0.1518987341772152
366,"[408, 0, 1732, 2160]",933,0.11851851851851852,lore.mp4,0.14501510574018128
367,"[377, 0, 1815, 2160]",934,0.11851851851851852,lore.mp4,0.13351877607788595
368,"[604, 0, 1848, 2160]",935,0.11851851851851852,lore.mp4,0.15434083601286175
369,"[528, 0, 1944, 2160]",936,0.11851851851851852,lore.mp4,0.13559322033898305
370,"[496, 0, 2020, 2160]",937,0.11851851851851852,lore.mp4,0.12598425196850394
371,"[517, 0, 2021, 2160]",938,0.11851851851851852,lore.mp4,0.1276595744680851
372,"[529, 0, 2081, 2160]",939,0.11851851851851852,lore.mp4,0.12371134020618557
373,"[491, 0, 2187, 2160]",940,0.11851851851851852,lore.mp4,0.11320754716981132
374,"[458, 0, 2262, 2160]",941,0.11851851851851852,lore.mp4,0.10643015521064302
375,"[453, 0, 2279, 2160]",942,0.11851851851851852,lore.mp4,0.10514786418400876
376,"[439, 0, 2347, 2160]",943,0.11851851851851852,lore.mp4,0.10062893081761007
377,"[424, 0, 2386, 2160]",944,0.11851851851851852,lore.mp4,0.09785932721712538
378,"[417, 0, 2415, 2160]",945,0.11851851851851852,lore.mp4,0.0960960960960961
379,"[0, 0, 3195, 2160]",946,0.11851851851851852,lore.mp4,0.06009389671361502
380,"[0, 0, 3293, 2160]",947,0.11851851851851852,lore.mp4,0.0583054965077437
381,"[836, 0, 2390, 2160]",948,0.11851851851851852,lore.mp4,0.12355212355212356
382,"[947, 0, 2329, 2160]",949,0.11851851851851852,lore.mp4,0.1389290882778582
383,"[921, 0, 2331, 2160]",950,0.11851851851851852,lore.mp4,0.13617021276595745
384,"[895, 0, 2343, 2160]",951,0.11851851851851852,lore.mp4,0.13259668508287292
385,"[963, 0, 2319, 2160]",952,0.11851851851851852,lore.mp4,0.1415929203539823
386,"[996, 0, 2284, 2160]",953,0.11851851851851852,lore.mp4,0.14906832298136646
387,"[1054, 0, 2286, 2160]",954,0.11851851851851852,lore.mp4,0.15584415584415584
388,"[1062, 0, 2316, 2160]",955,0.11851851851851852,lore.mp4,0.15311004784688995
389,"[1060, 0, 2334, 2160]",956,0.11851851851851852,lore.mp4,0.15070643642072212
390,"[1084, 0, 2328, 2160]",957,0.11851851851851852,lore.mp4,0.15434083601286175
391,"[1292, 0, 2414, 2160]",958,0.11851851851851852,lore.mp4,0.1711229946524064
392,"[1314, 0, 2418, 2160]",959,0.11851851851851852,lore.mp4,0.17391304347826086
393,"[1282, 0, 2502, 2160]",960,0.11851851851851852,lore.mp4,0.15737704918032788
394,"[1263, 0, 2575, 2160]",961,0.11851851851851852,lore.mp4,0.14634146341463414
395,"[1199, 0, 2643, 2160]",962,0.11851851851851852,lore.mp4,0.1329639889196676
396,"[1142, 0, 2724, 2160]",963,0.11851851851851852,lore.mp4,0.1213653603034134
397,"[1047, 0, 2843, 2160]",964,0.11851851851851852,lore.mp4,0.10690423162583519
398,"[998, 0, 2916, 2160]",965,0.11851851851851852,lore.mp4,0.10010427528675704
399,"[995, 0, 2933, 2160]",966,0.11851851851851852,lore.mp4,0.09907120743034056
400,"[996, 0, 2974, 2160]",967,0.11851851851851852,lore.mp4,0.09706774519716886
401,"[1016, 0, 2994, 2160]",968,0.11851851851851852,lore.mp4,0.09706774519716886
402,"[1031, 0, 3001, 2160]",969,0.11851851851851852,lore.mp4,0.09746192893401015
403,"[1112, 0, 2926, 2160]",970,0.11851851851851852,lore.mp4,0.10584343991179714
404,"[1255, 0, 3041, 2160]",971,0.11851851851851852,lore.mp4,0.10750279955207166
405,"[1330, 0, 3012, 2160]",972,0.11851851851851852,lore.mp4,0.11414982164090369
406,"[1420, 0, 2964, 2160]",973,0.11851851851851852,lore.mp4,0.12435233160621761
407,"[1442, 0, 2942, 2160]",974,0.11851851851851852,lore.mp4,0.128
408,"[1534, 0, 2906, 2160]",975,0.11851851851851852,lore.mp4,0.13994169096209913
409,"[1672, 0, 2878, 2160]",976,0.11851851851851852,lore.mp4,0.15920398009950248
410,"[1734, 0, 2822, 2160]",977,0.11851851851851852,lore.mp4,0.17647058823529413
411,"[1702, 0, 2878, 2160]",978,0.11851851851851852,lore.mp4,0.16326530612244897
412,"[1622, 0, 2944, 2085]",979,0.12278177458033573,lore.mp4,0.14523449319213314
413,"[1900, 0, 2960, 2160]",980,0.11851851851851852,lore.mp4,0.1811320754716981
414,"[1887, 0, 3019, 2160]",981,0.11851851851851852,lore.mp4,0.1696113074204947
415,"[1824, 0, 3134, 2160]",982,0.11851851851851852,lore.mp4,0.1465648854961832
416,"[1873, 0, 3189, 2160]",983,0.11851851851851852,lore.mp4,0.1458966565349544
417,"[1868, 0, 3258, 2160]",984,0.11851851851851852,lore.mp4,0.1381294964028777
418,"[1828, 0, 3324, 2160]",985,0.11851851851851852,lore.mp4,0.12834224598930483
419,"[1809, 0, 3399, 2160]",986,0.11851851851851852,lore.mp4,0.12075471698113208
420,"[1752, 0, 3454, 2160]",987,0.11851851851851852,lore.mp4,0.1128084606345476
421,"[1959, 0, 3495, 2160]",988,0.11851851851851852,lore.mp4,0.125
422,"[1994, 0, 3522, 2160]",989,0.11851851851851852,lore.mp4,0.1256544502617801
423,"[1927, 0, 3595, 2160]",990,0.11851851851851852,lore.mp4,0.11510791366906475
424,"[1946, 0, 3608, 2160]",991,0.11851851851851852,lore.mp4,0.11552346570397112
425,"[2010, 0, 3676, 2160]",992,0.11851851851851852,lore.mp4,0.11524609843937575
426,"[1974, 0, 3774, 2160]",993,0.11851851851851852,lore.mp4,0.10666666666666667
427,"[1959, 0, 3793, 2160]",994,0.11851851851851852,lore.mp4,0.10468920392584515
428,"[1954, 0, 3836, 2160]",995,0.11851851851851852,lore.mp4,0.10201912858660998
429,"[1952, 0, 3840, 2160]",996,0.11851851851851852,lore.mp4,0.1016949152542373
430,"[2103, 0, 3840, 2160]",997,0.11851851851851852,lore.mp4,0.11053540587219343
431,"[2115, 0, 3840, 2160]",998,0.11851851851851852,lore.mp4,0.11130434782608696
432,"[2218, 0, 3840, 2160]",999,0.11851851851851852,lore.mp4,0.11837237977805179
433,"[2290, 0, 3840, 2160]",1000,0.11851851851851852,lore.mp4,0.12387096774193548
434,"[2384, 0, 3818, 2160]",1001,0.11851851851851852,lore.mp4,0.13389121338912133
435,"[2394, 0, 3818, 2160]",1002,0.11851851851851852,lore.mp4,0.1348314606741573
436,"[2397, 0, 3791, 2160]",1003,0.11851851851851852,lore.mp4,0.13773314203730272
437,"[2395, 0, 3787, 2160]",1004,0.11851851851851852,lore.mp4,0.13793103448275862
438,"[2369, 0, 3801, 2160]",1005,0.11851851851851852,lore.mp4,0.1340782122905028
439,"[2439, 0, 3819, 2160]",1006,0.11851851851851852,lore.mp4,0.1391304347826087
440,"[2500, 0, 3782, 2160]",1007,0.11851851851851852,lore.mp4,0.1497659906396256
441,"[2500, 0, 3798, 2160]",1008,0.11851851851851852,lore.mp4,0.14791987673343607
442,"[2515, 0, 3787, 2160]",1009,0.11851851851851852,lore.mp4,0.1509433962264151
443,"[2469, 0, 3840, 2160]",1010,0.11851851851851852,lore.mp4,0.1400437636761488
444,"[2490, 0, 3838, 2160]",1011,0.11851851851851852,lore.mp4,0.142433234421365
445,"[2482, 0, 3840, 2160]",1012,0.11851851851851852,lore.mp4,0.14138438880706922
446,"[2430, 0, 3840, 2160]",1013,0.11851851851851852,lore.mp4,0.13617021276595745
447,"[2683, 15, 3840, 2160]",1014,0.11934731934731935,lore.mp4,0.16594641313742436
448,"[2665, 0, 3840, 2160]",1015,0.11851851851851852,lore.mp4,0.16340425531914893
449,"[2674, 38, 3840, 2160]",1016,0.12064090480678605,lore.mp4,0.1646655231560892
450,"[2620, 0, 3840, 2160]",1017,0.11851851851851852,lore.mp4,0.15737704918032788
451,"[2620, 0, 3840, 2160]",1215,0.11851851851851852,lore.mp4,0.15737704918032788
452,"[2589, 0, 3840, 2160]",1216,0.11851851851851852,lore.mp4,0.15347721822541965
453,"[2587, 0, 3840, 2160]",1217,0.11851851851851852,lore.mp4,0.15323224261771748
454,"[2556, 0, 3840, 2160]",1218,0.11851851851851852,lore.mp4,0.14953271028037382
455,"[2518, 0, 3840, 2160]",1219,0.11851851851851852,lore.mp4,0.14523449319213314
456,"[2513, 0, 3840, 2160]",1220,0.11851851851851852,lore.mp4,0.14468726450640543
457,"[2521, 0, 3840, 2160]",1221,0.11851851851851852,lore.mp4,0.14556482183472327
458,"[2584, 0, 3840, 2160]",1222,0.11851851851851852,lore.mp4,0.15286624203821655
459,"[2436, 0, 3840, 2160]",1223,0.11851851851851852,lore.mp4,0.13675213675213677
460,"[2359, 0, 3840, 2160]",1224,0.11851851851851852,lore.mp4,0.12964213369345037
461,"[2366, 0, 3840, 2160]",1225,0.11851851851851852,lore.mp4,0.13025780189959293
462,"[2344, 0, 3840, 2160]",1226,0.11851851851851852,lore.mp4,0.12834224598930483
463,"[2336, 0, 3840, 2160]",1227,0.11851851851851852,lore.mp4,0.1276595744680851
464,"[2404, 0, 3830, 2160]",1228,0.11851851851851852,lore.mp4,0.13464235624123422
465,"[2357, 88, 3840, 2160]",1229,0.12355212355212356,lore.mp4,0.1294672960215779
466,"[2411, 0, 3757, 2160]",1230,0.11851851851851852,lore.mp4,0.1426448736998514
467,"[2389, 0, 3731, 2160]",1231,0.11851851851851852,lore.mp4,0.14307004470938897
468,"[2408, 0, 3698, 2160]",1232,0.11851851851851852,lore.mp4,0.14883720930232558
469,"[2092, 0, 3654, 2160]",1233,0.11851851851851852,lore.mp4,0.12291933418693982
470,"[2162, 0, 3588, 2160]",1234,0.11851851851851852,lore.mp4,0.13464235624123422
471,"[2145, 0, 3599, 2160]",1235,0.11851851851851852,lore.mp4,0.13204951856946354
472,"[2104, 0, 3592, 2160]",1236,0.11851851851851852,lore.mp4,0.12903225806451613
473,"[2136, 0, 3548, 2160]",1237,0.11851851851851852,lore.mp4,0.1359773371104816
474,"[2128, 29, 3520, 2160]",1238,0.12013139371187236,lore.mp4,0.13793103448275862
475,"[2051, 25, 3553, 2160]",1239,0.11990632318501171,lore.mp4,0.1278295605858855
476,"[2049, 73, 3495, 2160]",1240,0.12266411116435075,lore.mp4,0.13278008298755187
477,"[2054, 120, 3474, 2160]",1241,0.12549019607843137,lore.mp4,0.1352112676056338
478,"[2117, 0, 3435, 2160]",1242,0.11851851851851852,lore.mp4,0.1456752655538695
479,"[2069, 52, 3451, 2160]",1243,0.12144212523719165,lore.mp4,0.1389290882778582
480,"[2019, 110, 3471, 2160]",1244,0.1248780487804878,lore.mp4,0.1322314049586777
481,"[2021, 60, 3431, 2160]",1245,0.1219047619047619,lore.mp4,0.13617021276595745
482,"[1663, 0, 3533, 2160]",1246,0.11851851851851852,lore.mp4,0.10267379679144385
483,"[1693, 0, 3479, 2160]",1247,0.11851851851851852,lore.mp4,0.10750279955207166
484,"[1698, 0, 3468, 2160]",1248,0.11851851851851852,lore.mp4,0.10847457627118644
485,"[1720, 0, 3422, 2160]",1249,0.11851851851851852,lore.mp4,0.1128084606345476
486,"[1609, 0, 3497, 2160]",1250,0.11851851851851852,lore.mp4,0.1016949152542373
487,"[1630, 51, 3460, 2160]",1251,0.12138454243717402,lore.mp4,0.10491803278688525
488,"[1666, 104, 3384, 2160]",1252,0.1245136186770428,lore.mp4,0.11175785797438882
489,"[1682, 48, 3334, 2160]",1253,0.12121212121212122,lore.mp4,0.1162227602905569
490,"[1738, 0, 3234, 2160]",1254,0.11851851851851852,lore.mp4,0.12834224598930483
491,"[1710, 0, 3182, 2160]",1255,0.11851851851851852,lore.mp4,0.13043478260869565
492,"[1743, 0, 3121, 2160]",1256,0.11851851851851852,lore.mp4,0.13933236574746008
493,"[1546, 99, 3062, 2160]",1257,0.12421154779233382,lore.mp4,0.1266490765171504
494,"[1620, 0, 2940, 2025]",1258,0.12641975308641976,lore.mp4,0.14545454545454545
495,"[1628, 0, 2956, 2160]",1259,0.11851851851851852,lore.mp4,0.14457831325301204
496,"[1637, 85, 2969, 2160]",1260,0.12337349397590361,lore.mp4,0.14414414414414414
497,"[1615, 46, 2953, 2160]",1261,0.12109744560075686,lore.mp4,0.14349775784753363
498,"[1569, 37, 2969, 2160]",1262,0.12058407913330194,lore.mp4,0.13714285714285715
499,"[1573, 108, 2921, 2160]",1263,0.12475633528265107,lore.mp4,0.142433234421365
500,"[1646, 0, 2824, 2160]",1264,0.11851851851851852,lore.mp4,0.16298811544991512
501,"[1569, 84, 2847, 2160]",1265,0.1233140655105973,lore.mp4,0.15023474178403756
502,"[1501, 37, 2819, 2160]",1266,0.12058407913330194,lore.mp4,0.1456752655538695
503,"[1519, 518, 2767, 2160]",1267,0.1559074299634592,lore.mp4,0.15384615384615385
504,"[1431, 0, 2861, 2160]",1268,0.11851851851851852,lore.mp4,0.13426573426573427
505,"[1133, 0, 2843, 2160]",1269,0.11851851851851852,lore.mp4,0.11228070175438597
506,"[1134, 0, 2828, 2160]",1270,0.11851851851851852,lore.mp4,0.11334120425029516
507,"[1067, 0, 2917, 2160]",1271,0.11851851851851852,lore.mp4,0.10378378378378378
508,"[1053, 0, 2907, 2160]",1272,0.11851851851851852,lore.mp4,0.10355987055016182
509,"[1032, 0, 2892, 2160]",1273,0.11851851851851852,lore.mp4,0.1032258064516129
510,"[992, 0, 2892, 2160]",1274,0.11851851851851852,lore.mp4,0.10105263157894737
511,"[976, 0, 2888, 2160]",1275,0.11851851851851852,lore.mp4,0.100418410041841
512,"[976, 0, 2832, 2160]",1276,0.11851851851851852,lore.mp4,0.10344827586206896
513,"[968, 0, 2818, 2160]",1277,0.11851851851851852,lore.mp4,0.10378378378378378
514,"[975, 0, 2811, 2160]",1278,0.11851851851851852,lore.mp4,0.10457516339869281
515,"[972, 0, 2776, 2160]",1279,0.11851851851851852,lore.mp4,0.10643015521064302
516,"[1047, 0, 2675, 2160]",1280,0.11851851851851852,lore.mp4,0.11793611793611794
517,"[1098, 0, 2558, 2160]",1281,0.11851851851851852,lore.mp4,0.13150684931506848
518,"[843, 0, 2565, 2160]",1282,0.11851851851851852,lore.mp4,0.11149825783972125
519,"[885, 0, 2493, 2160]",1283,0.11851851851851852,lore.mp4,0.11940298507462686
520,"[906, 0, 2444, 2160]",1284,0.11851851851851852,lore.mp4,0.12483745123537061
521,"[876, 0, 2486, 2160]",1285,0.11851851851851852,lore.mp4,0.11925465838509317
522,"[1007, 0, 2305, 2160]",1286,0.11851851851851852,lore.mp4,0.14791987673343607
523,"[1034, 0, 2262, 2160]",1287,0.11851851851851852,lore.mp4,0.1563517915309446
524,"[1015, 0, 2215, 2160]",1288,0.11851851851851852,lore.mp4,0.16
525,"[1003, 0, 2179, 2160]",1289,0.11851851851851852,lore.mp4,0.16326530612244897
526,"[1010, 0, 2164, 2160]",1290,0.11851851851851852,lore.mp4,0.1663778162911612
527,"[1008, 0, 2128, 2160]",1291,0.11851851851851852,lore.mp4,0.17142857142857143
528,"[995, 0, 2091, 2160]",1292,0.11851851851851852,lore.mp4,0.17518248175182483
529,"[808, 35, 2044, 2160]",1293,0.12047058823529412,lore.mp4,0.1553398058252427
530,"[850, 538, 1994, 2160]",1294,0.15782983970406905,lore.mp4,0.16783216783216784
531,"[822, 504, 2014, 2160]",1295,0.15458937198067632,lore.mp4,0.1610738255033557
532,"[730, 0, 2052, 2160]",1296,0.11851851851851852,lore.mp4,0.14523449319213314
533,"[734, 0, 2006, 2160]",1297,0.11851851851851852,lore.mp4,0.1509433962264151
534,"[733, 0, 1965, 2160]",1298,0.11851851851851852,lore.mp4,0.15584415584415584
535,"[668, 0, 2018, 2160]",1299,0.11851851851851852,lore.mp4,0.14222222222222222
536,"[534, 69, 2098, 2160]",1300,0.12242945958871354,lore.mp4,0.12276214833759591
537,"[556, 0, 2042, 2160]",1301,0.11851851851851852,lore.mp4,0.12920592193808883
538,"[494, 0, 2062, 2160]",1302,0.11851851851851852,lore.mp4,0.12244897959183673
539,"[469, 0, 2049, 2160]",1303,0.11851851851851852,lore.mp4,0.12151898734177215
540,"[421, 0, 2071, 2160]",1304,0.11851851851851852,lore.mp4,0.11636363636363636
541,"[276, 0, 1984, 2160]",1305,0.11851851851851852,lore.mp4,0.11241217798594848
542,"[266, 0, 1986, 2160]",1306,0.11851851851851852,lore.mp4,0.11162790697674418
543,"[206, 0, 1994, 2160]",1307,0.11851851851851852,lore.mp4,0.10738255033557047
544,"[259, 0, 1897, 2160]",1308,0.11851851851851852,lore.mp4,0.11721611721611722
545,"[140, 99, 2004, 2160]",1309,0.12421154779233382,lore.mp4,0.10300429184549356
546,"[249, 18, 1821, 2160]",1310,0.11951447245564893,lore.mp4,0.12213740458015267
547,"[253, 35, 1819, 2160]",1311,0.12047058823529412,lore.mp4,0.12260536398467432
548,"[306, 409, 1796, 2160]",1312,0.14620217018846374,lore.mp4,0.12885906040268458
549,"[345, 0, 1625, 2160]",1313,0.11851851851851852,lore.mp4,0.15
550,"[392, 0, 1508, 2160]",1314,0.11851851851851852,lore.mp4,0.17204301075268819
551,"[302, 0, 1332, 1691]",1315,0.15138971023063277,lore.mp4,0.18640776699029127
552,"[125, 0, 1417, 2160]",1316,0.11851851851851852,lore.mp4,0.14860681114551083
553,"[131, 0, 1359, 2160]",1317,0.11851851851851852,lore.mp4,0.1563517915309446
554,"[146, 0, 1376, 2160]",1318,0.11851851851851852,lore.mp4,0.15609756097560976
555,"[73, 0, 1379, 2160]",1319,0.11851851851851852,lore.mp4,0.14701378254211334
556,"[41, 0, 1377, 2160]",1320,0.11851851851851852,lore.mp4,0.1437125748502994
557,"[0, 0, 1396, 2160]",1321,0.11851851851851852,lore.mp4,0.13753581661891118
558,"[0, 0, 1387, 2160]",1322,0.11851851851851852,lore.mp4,0.1384282624369142
559,"[0, 0, 1347, 2160]",1323,0.11851851851851852,lore.mp4,0.14253897550111358
560,"[0, 0, 1378, 2160]",1324,0.11851851851851852,lore.mp4,0.13933236574746008
561,"[0, 0, 1387, 2160]",1325,0.11851851851851852,lore.mp4,0.1384282624369142
562,"[0, 0, 1402, 2160]",1326,0.11851851851851852,lore.mp4,0.1369472182596291
563,"[0, 0, 1434, 2160]",1327,0.11851851851851852,lore.mp4,0.13389121338912133
564,"[0, 0, 1429, 2160]",1328,0.11851851851851852,lore.mp4,0.13435969209237228
565,"[0, 0, 1419, 2160]",1329,0.11851851851851852,lore.mp4,0.13530655391120508
566,"[0, 0, 1398, 2160]",1330,0.11851851851851852,lore.mp4,0.13733905579399142
567,"[0, 0, 1391, 2160]",1331,0.11851851851851852,lore.mp4,0.13803019410496045
568,"[0, 0, 1373, 2160]",1332,0.11851851851851852,lore.mp4,0.13983976693372177
569,"[0, 0, 1347, 2160]",1333,0.11851851851851852,lore.mp4,0.14253897550111358
570,"[0, 0, 1327, 2160]",1334,0.11851851851851852,lore.mp4,0.14468726450640543
571,"[0, 0, 1262, 2160]",1335,0.11851851851851852,lore.mp4,0.15213946117274169
572,"[0, 0, 1250, 2160]",1336,0.11851851851851852,lore.mp4,0.1536
573,"[0, 0, 1196, 2160]",1337,0.11851851851851852,lore.mp4,0.1605351170568562
574,"[0, 0, 1070, 2160]",1338,0.11851851851851852,lore.mp4,0.17943925233644858
575,"[0, 0, 1045, 2160]",1339,0.11851851851851852,lore.mp4,0.18373205741626794
576,"[0, 0, 1043, 2160]",1340,0.11851851851851852,lore.mp4,0.1840843720038351
577,"[0, 0, 638, 2160]",1341,0.11851851851851852,lore.mp4,0.30094043887147337
578,"[0, 0, 598, 2160]",1342,0.11851851851851852,lore.mp4,0.3210702341137124
579,"[0, 0, 591, 2160]",1343,0.11851851851851852,lore.mp4,0.3248730964467005
580,"[0, 0, 1011, 2160]",1536,0.11851851851851852,lore.mp4,0.18991097922848665
581,"[0, 0, 1050, 2160]",1537,0.11851851851851852,lore.mp4,0.18285714285714286
582,"[0, 0, 1130, 2160]",1538,0.11851851851851852,lore.mp4,0.16991150442477876
583,"[0, 0, 1172, 2160]",1539,0.11851851851851852,lore.mp4,0.16382252559726962
584,"[0, 0, 1231, 2160]",1540,0.11851851851851852,lore.mp4,0.15597075548334688
585,"[0, 0, 1349, 2160]",1541,0.11851851851851852,lore.mp4,0.14232765011119347
586,"[0, 0, 1296, 2160]",1542,0.11851851851851852,lore.mp4,0.14814814814814814
587,"[0, 0, 1439, 2160]",1543,0.11851851851851852,lore.mp4,0.13342599027102153
588,"[0, 0, 1460, 2160]",1544,0.11851851851851852,lore.mp4,0.13150684931506848
589,"[0, 0, 1522, 2160]",1545,0.11851851851851852,lore.mp4,0.12614980289093297
590,"[0, 0, 1449, 2160]",1546,0.11851851851851852,lore.mp4,0.13250517598343686
591,"[0, 0, 1422, 2160]",1547,0.11851851851851852,lore.mp4,0.1350210970464135
592,"[0, 0, 1441, 2160]",1548,0.11851851851851852,lore.mp4,0.13324080499653018
593,"[0, 0, 1556, 2160]",1549,0.11851851851851852,lore.mp4,0.12339331619537275
594,"[0, 0, 1606, 2160]",1550,0.11851851851851852,lore.mp4,0.11955168119551682
595,"[92, 0, 1440, 2160]",1551,0.11851851851851852,lore.mp4,0.142433234421365
596,"[107, 0, 1479, 2160]",1552,0.11851851851851852,lore.mp4,0.13994169096209913
597,"[63, 0, 1557, 2160]",1553,0.11851851851851852,lore.mp4,0.1285140562248996
598,"[9, 0, 1557, 2160]",1554,0.11851851851851852,lore.mp4,0.12403100775193798
599,"[322, 0, 1576, 2160]",1555,0.11851851851851852,lore.mp4,0.15311004784688995
600,"[338, 0, 1616, 2160]",1556,0.11851851851851852,lore.mp4,0.15023474178403756
601,"[306, 0, 1700, 2160]",1557,0.11851851851851852,lore.mp4,0.13773314203730272
602,"[350, 0, 1712, 2160]",1558,0.11851851851851852,lore.mp4,0.14096916299559473
603,"[408, 0, 1692, 2160]",1559,0.11851851851851852,lore.mp4,0.14953271028037382
604,"[306, 0, 1772, 2160]",1560,0.11851851851851852,lore.mp4,0.13096862210095497
605,"[307, 0, 1869, 2160]",1561,0.11851851851851852,lore.mp4,0.12291933418693982
606,"[228, 0, 1984, 2103]",1562,0.12173086067522587,lore.mp4,0.10933940774487472
607,"[243, 0, 1985, 2084]",1563,0.12284069097888675,lore.mp4,0.11021814006888633
608,"[166, 0, 2082, 2160]",1564,0.11851851851851852,lore.mp4,0.10020876826722339
609,"[446, 0, 2032, 2160]",1565,0.11851851851851852,lore.mp4,0.1210592686002522
610,"[449, 0, 2075, 2160]",1566,0.11851851851851852,lore.mp4,0.11808118081180811
611,"[430, 0, 2150, 2160]",1567,0.11851851851851852,lore.mp4,0.11162790697674418
612,"[300, 0, 2282, 2160]",1568,0.11851851851851852,lore.mp4,0.09687184661957618
613,"[339, 0, 2331, 2160]",1569,0.11851851851851852,lore.mp4,0.0963855421686747
614,"[397, 0, 2349, 2160]",1570,0.11851851851851852,lore.mp4,0.09836065573770492
615,"[433, 0, 2345, 2160]",1571,0.11851851851851852,lore.mp4,0.100418410041841
616,"[469, 0, 2335, 2160]",1572,0.11851851851851852,lore.mp4,0.10289389067524116
617,"[827, 42, 2213, 2160]",1573,0.12086874409820586,lore.mp4,0.13852813852813853
618,"[859, 0, 2247, 2160]",1574,0.11851851851851852,lore.mp4,0.138328530259366
619,"[978, 0, 2286, 2160]",1575,0.11851851851851852,lore.mp4,0.14678899082568808
620,"[1001, 0, 2299, 2074]",1576,0.12343297974927676,lore.mp4,0.14791987673343607
621,"[1023, 0, 2327, 2160]",1577,0.11851851851851852,lore.mp4,0.147239263803681
622,"[912, 0, 2458, 2160]",1578,0.11851851851851852,lore.mp4,0.12419146183699871
623,"[993, 0, 2433, 2107]",1579,0.12149976269577599,lore.mp4,0.13333333333333333
624,"[1182, 0, 2514, 2131]",1580,0.12013139371187236,lore.mp4,0.14414414414414414
625,"[1140, 0, 2562, 2160]",1581,0.11851851851851852,lore.mp4,0.1350210970464135
626,"[1193, 0, 2587, 2160]",1582,0.11851851851851852,lore.mp4,0.13773314203730272
627,"[1127, 0, 2765, 2160]",1583,0.11851851851851852,lore.mp4,0.11721611721611722
628,"[1139, 0, 2775, 2160]",1584,0.11851851851851852,lore.mp4,0.11735941320293398
629,"[1147, 0, 2779, 2160]",1585,0.11851851851851852,lore.mp4,0.11764705882352941
630,"[1064, 0, 2888, 2160]",1586,0.11851851851851852,lore.mp4,0.10526315789473684
631,"[1117, 0, 2873, 2094]",1587,0.12225405921680993,lore.mp4,0.10933940774487472
632,"[1126, 0, 2892, 2160]",1588,0.11851851851851852,lore.mp4,0.1087202718006795
633,"[1099, 0, 2947, 2115]",1589,0.1210401891252955,lore.mp4,0.1038961038961039
634,"[1064, 0, 2970, 2160]",1590,0.11851851851851852,lore.mp4,0.10073452256033578
635,"[1330, 0, 2970, 2160]",1591,0.11851851851851852,lore.mp4,0.11707317073170732
636,"[1445, 0, 2981, 2139]",1592,0.11968209443665265,lore.mp4,0.125
637,"[1457, 0, 3013, 2160]",1593,0.11851851851851852,lore.mp4,0.12339331619537275
638,"[1497, 0, 3021, 2069]",1594,0.12373127114548091,lore.mp4,0.12598425196850394
639,"[1436, 0, 3032, 2160]",1595,0.11851851851851852,lore.mp4,0.12030075187969924
640,"[1490, 0, 3044, 1998]",1596,0.12812812812812813,lore.mp4,0.12355212355212356
641,"[1551, 0, 3039, 2160]",1597,0.11851851851851852,lore.mp4,0.12903225806451613
642,"[1441, 0, 3129, 1982]",1598,0.12916246215943492,lore.mp4,0.11374407582938388
643,"[1353, 0, 3237, 2160]",1599,0.11851851851851852,lore.mp4,0.10191082802547771
644,"[1808, 0, 3098, 2160]",1600,0.11851851851851852,lore.mp4,0.14883720930232558
645,"[1840, 0, 3112, 2160]",1601,0.11851851851851852,lore.mp4,0.1509433962264151
646,"[1854, 0, 3166, 2160]",1602,0.11851851851851852,lore.mp4,0.14634146341463414
647,"[1812, 0, 3268, 2160]",1603,0.11851851851851852,lore.mp4,0.13186813186813187
648,"[1791, 0, 3315, 2160]",1604,0.11851851851851852,lore.mp4,0.12598425196850394
649,"[1701, 0, 3441, 2160]",1605,0.11851851851851852,lore.mp4,0.1103448275862069
650,"[1626, 0, 3508, 2160]",1606,0.11851851851851852,lore.mp4,0.10201912858660998
651,"[1607, 0, 3539, 2160]",1607,0.11851851851851852,lore.mp4,0.09937888198757763
652,"[2034, 166, 3382, 2160]",1608,0.1283851554663992,lore.mp4,0.142433234421365
653,"[2015, 0, 3493, 2160]",1609,0.11851851851851852,lore.mp4,0.12990527740189445
654,"[2074, 0, 3498, 2160]",1610,0.11851851851851852,lore.mp4,0.1348314606741573
655,"[2040, 138, 3562, 2160]",1611,0.12660731948565776,lore.mp4,0.12614980289093297
656,"[2086, 0, 3546, 2160]",1612,0.11851851851851852,lore.mp4,0.13150684931506848
657,"[2033, 0, 3641, 2160]",1613,0.11851851851851852,lore.mp4,0.11940298507462686
658,"[2029, 0, 3709, 2160]",1614,0.11851851851851852,lore.mp4,0.11428571428571428
659,"[2043, 0, 3749, 2076]",1615,0.1233140655105973,lore.mp4,0.11254396248534584
660,"[2008, 0, 3772, 2160]",1616,0.11851851851851852,lore.mp4,0.10884353741496598
661,"[2293, 0, 3723, 2160]",1617,0.11851851851851852,lore.mp4,0.13426573426573427
662,"[2267, 0, 3775, 2160]",1618,0.11851851851851852,lore.mp4,0.1273209549071618
663,"[2401, 0, 3801, 2160]",1619,0.11851851851851852,lore.mp4,0.13714285714285715
664,"[2406, 0, 3840, 2160]",1620,0.11851851851851852,lore.mp4,0.13389121338912133
665,"[2382, 0, 3840, 2160]",1621,0.11851851851851852,lore.mp4,0.13168724279835392
666,"[2362, 0, 3840, 2160]",1622,0.11851851851851852,lore.mp4,0.12990527740189445
667,"[2318, 0, 3840, 2160]",1623,0.11851851851851852,lore.mp4,0.12614980289093297
668,"[2397, 0, 3840, 1990]",1624,0.12864321608040202,lore.mp4,0.13305613305613306
669,"[2341, 0, 3840, 2160]",1625,0.11851851851851852,lore.mp4,0.12808539026017346
670,"[2340, 0, 3840, 2122]",1626,0.12064090480678605,lore.mp4,0.128
671,"[2527, 0, 3840, 2160]",1627,0.11851851851851852,lore.mp4,0.14623000761614624
672,"[2539, 0, 3840, 2160]",1628,0.11851851851851852,lore.mp4,0.14757878554957723
673,"[2507, 0, 3840, 2160]",1629,0.11851851851851852,lore.mp4,0.14403600900225055
674,"[2491, 0, 3840, 2160]",1630,0.11851851851851852,lore.mp4,0.14232765011119347
675,"[2495, 0, 3840, 2160]",1631,0.11851851851851852,lore.mp4,0.14275092936802974
676,"[2547, 0, 3840, 2160]",1632,0.11851851851851852,lore.mp4,0.14849187935034802
677,"[2585, 0, 3840, 2160]",1633,0.11851851851851852,lore.mp4,0.15298804780876493
678,"[2634, 0, 3840, 2160]",1634,0.11851851851851852,lore.mp4,0.15920398009950248
679,"[2652, 0, 3840, 2160]",1635,0.11851851851851852,lore.mp4,0.16161616161616163
680,"[2652, 0, 3840, 2160]",1636,0.11851851851851852,lore.mp4,0.16161616161616163
681,"[2663, 0, 3840, 2160]",1637,0.11851851851851852,lore.mp4,0.1631265930331351
682,"[2667, 0, 3840, 2160]",1638,0.11851851851851852,lore.mp4,0.1636828644501279
683,"[2694, 0, 3840, 2160]",1639,0.11851851851851852,lore.mp4,0.16753926701570682
684,"[2732, 0, 3840, 2160]",1640,0.11851851851851852,lore.mp4,0.17328519855595667
685,"[2551, 0, 3840, 2160]",1834,0.11851851851851852,lore.mp4,0.14895267649340574
686,"[2608, 0, 3840, 2160]",1835,0.11851851851851852,lore.mp4,0.15584415584415584
687,"[2429, 0, 3840, 2160]",1836,0.11851851851851852,lore.mp4,0.13607370659107015
688,"[2320, 0, 3840, 2160]",1837,0.11851851851851852,lore.mp4,0.12631578947368421
689,"[2306, 0, 3840, 2160]",1838,0.11851851851851852,lore.mp4,0.12516297262059975
690,"[2297, 0, 3840, 2160]",1839,0.11851851851851852,lore.mp4,0.12443292287751134
691,"[2305, 0, 3840, 2160]",1840,0.11851851851851852,lore.mp4,0.1250814332247557
692,"[2304, 0, 3840, 2160]",1841,0.11851851851851852,lore.mp4,0.125
693,"[2249, 0, 3840, 2160]",1842,0.11851851851851852,lore.mp4,0.12067881835323696
694,"[2186, 0, 3840, 2160]",1843,0.11851851851851852,lore.mp4,0.11608222490931076
695,"[2231, 0, 3840, 2160]",1844,0.11851851851851852,lore.mp4,0.11932877563704164
696,"[2229, 0, 3827, 2160]",1845,0.11851851851851852,lore.mp4,0.12015018773466833
697,"[2247, 1, 3769, 2160]",1846,0.11857341361741547,lore.mp4,0.12614980289093297
698,"[2194, 0, 3816, 2160]",1847,0.11851851851851852,lore.mp4,0.11837237977805179
699,"[1898, 37, 3840, 2160]",1848,0.12058407913330194,lore.mp4,0.09886714727085479
700,"[1865, 0, 3840, 2160]",1849,0.11851851851851852,lore.mp4,0.09721518987341772
701,"[1848, 0, 3840, 2160]",1850,0.11851851851851852,lore.mp4,0.0963855421686747
702,"[1830, 0, 3836, 2160]",1851,0.11851851851851852,lore.mp4,0.09571286141575275
703,"[1899, 0, 3759, 2160]",1852,0.11851851851851852,lore.mp4,0.1032258064516129
704,"[1944, 0, 3726, 2160]",1853,0.11851851851851852,lore.mp4,0.10774410774410774
705,"[1912, 0, 3700, 2160]",1854,0.11851851851851852,lore.mp4,0.10738255033557047
706,"[1892, 0, 3634, 2160]",1855,0.11851851851851852,lore.mp4,0.11021814006888633
707,"[1964, 0, 3496, 2160]",1856,0.11851851851851852,lore.mp4,0.12532637075718014
708,"[1975, 0, 3469, 2160]",1857,0.11851851851851852,lore.mp4,0.1285140562248996
709,"[1962, 0, 3434, 2160]",1858,0.11851851851851852,lore.mp4,0.13043478260869565
710,"[1767, 0, 3399, 2160]",1859,0.11851851851851852,lore.mp4,0.11764705882352941
711,"[1791, 0, 3389, 2160]",1860,0.11851851851851852,lore.mp4,0.12015018773466833
712,"[1873, 0, 3233, 2160]",1861,0.11851851851851852,lore.mp4,0.1411764705882353
713,"[1895, 0, 3185, 2160]",1862,0.11851851851851852,lore.mp4,0.14883720930232558
714,"[1914, 0, 3118, 2160]",1863,0.11851851851851852,lore.mp4,0.15946843853820597
715,"[1866, 504, 3044, 2160]",1864,0.15458937198067632,lore.mp4,0.16298811544991512
716,"[1842, 515, 3024, 2160]",1865,0.15562310030395138,lore.mp4,0.16243654822335024
717,"[1823, 480, 2979, 2160]",1866,0.1523809523809524,lore.mp4,0.16608996539792387
718,"[1494, 53, 3116, 2160]",1867,0.12149976269577599,lore.mp4,0.11837237977805179
719,"[1373, 0, 3183, 2160]",1868,0.11851851851851852,lore.mp4,0.10607734806629834
720,"[1384, 10, 3158, 2160]",1869,0.11906976744186047,lore.mp4,0.10822998872604284
721,"[1399, 26, 3117, 2160]",1870,0.11996251171508904,lore.mp4,0.11175785797438882
722,"[1387, 0, 3091, 2160]",1871,0.11851851851851852,lore.mp4,0.11267605633802817
723,"[1374, 0, 3068, 2160]",1872,0.11851851851851852,lore.mp4,0.11334120425029516
724,"[1260, 0, 3152, 2160]",1873,0.11851851851851852,lore.mp4,0.1014799154334038
725,"[1264, 0, 3130, 2160]",1874,0.11851851851851852,lore.mp4,0.10289389067524116
726,"[1423, 0, 2957, 2160]",1875,0.11851851851851852,lore.mp4,0.12516297262059975
727,"[1349, 230, 2903, 2160]",1876,0.13264248704663212,lore.mp4,0.12355212355212356
728,"[1231, 0, 2779, 2160]",1877,0.11851851851851852,lore.mp4,0.12403100775193798
729,"[1197, 0, 2799, 2160]",1878,0.11851851851851852,lore.mp4,0.1198501872659176
730,"[1192, 0, 2802, 2160]",1879,0.11851851851851852,lore.mp4,0.11925465838509317
731,"[1270, 0, 2680, 2160]",1880,0.11851851851851852,lore.mp4,0.13617021276595745
732,"[1178, 0, 2712, 2160]",1881,0.11851851851851852,lore.mp4,0.12516297262059975
733,"[1233, 0, 2607, 2160]",1882,0.11851851851851852,lore.mp4,0.13973799126637554
734,"[1243, 0, 2543, 2160]",1883,0.11851851851851852,lore.mp4,0.1476923076923077
735,"[1197, 0, 2517, 2160]",1884,0.11851851851851852,lore.mp4,0.14545454545454545
736,"[807, 0, 2613, 2160]",1885,0.11851851851851852,lore.mp4,0.10631229235880399
737,"[801, 0, 2597, 2160]",1886,0.11851851851851852,lore.mp4,0.10690423162583519
738,"[794, 0, 2564, 2160]",1887,0.11851851851851852,lore.mp4,0.10847457627118644
739,"[798, 0, 2560, 2160]",1888,0.11851851851851852,lore.mp4,0.10896708286038592
740,"[812, 0, 2510, 2160]",1889,0.11851851851851852,lore.mp4,0.11307420494699646
741,"[843, 0, 2457, 2160]",1890,0.11851851851851852,lore.mp4,0.11895910780669144
742,"[789, 0, 2471, 2160]",1891,0.11851851851851852,lore.mp4,0.11414982164090369
743,"[785, 41, 2453, 2160]",1892,0.12081170363378953,lore.mp4,0.11510791366906475
744,"[726, 89, 2470, 2160]",1893,0.12361178174794785,lore.mp4,0.11009174311926606
745,"[803, 0, 2343, 2160]",1894,0.11851851851851852,lore.mp4,0.12467532467532468
746,"[812, 0, 2332, 2160]",1895,0.11851851851851852,lore.mp4,0.12631578947368421
747,"[754, 209, 2326, 2160]",1896,0.13121476166068682,lore.mp4,0.12213740458015267
748,"[0, 0, 2840, 2160]",1897,0.11851851851851852,lore.mp4,0.0676056338028169
749,"[751, 133, 2277, 2160]",1898,0.1262950172668969,lore.mp4,0.1258191349934469
750,"[547, 0, 2241, 2160]",1899,0.11851851851851852,lore.mp4,0.11334120425029516
751,"[568, 91, 2222, 2160]",1900,0.12373127114548091,lore.mp4,0.11608222490931076
752,"[563, 97, 2159, 2160]",1901,0.12409112942317015,lore.mp4,0.12030075187969924
753,"[581, 137, 2079, 2160]",1902,0.12654473554127532,lore.mp4,0.12817089452603472
754,"[596, 50, 2022, 2160]",1903,0.12132701421800948,lore.mp4,0.13464235624123422
755,"[485, 5, 2093, 2160]",1904,0.11879350348027842,lore.mp4,0.11940298507462686
756,"[461, 76, 2039, 2160]",1905,0.12284069097888675,lore.mp4,0.12167300380228137
757,"[539, 0, 1913, 2160]",1906,0.11851851851851852,lore.mp4,0.13973799126637554
758,"[339, 0, 1837, 2160]",1907,0.11851851851851852,lore.mp4,0.12817089452603472
759,"[350, 0, 1804, 2160]",1908,0.11851851851851852,lore.mp4,0.13204951856946354
760,"[322, 0, 1828, 2160]",1909,0.11851851851851852,lore.mp4,0.12749003984063745
761,"[364, 0, 1744, 2160]",1910,0.11851851851851852,lore.mp4,0.1391304347826087
762,"[322, 0, 1732, 2160]",1911,0.11851851851851852,lore.mp4,0.13617021276595745
763,"[352, 0, 1668, 2160]",1912,0.11851851851851852,lore.mp4,0.1458966565349544
764,"[339, 0, 1661, 2160]",1913,0.11851851851851852,lore.mp4,0.14523449319213314
765,"[335, 476, 1573, 2160]",1914,0.15201900237529692,lore.mp4,0.15508885298869143
766,"[279, 0, 1605, 2160]",1915,0.11851851851851852,lore.mp4,0.14479638009049775
767,"[20, 0, 1608, 2160]",1916,0.11851851851851852,lore.mp4,0.12090680100755667
768,"[0, 0, 1632, 2160]",1917,0.11851851851851852,lore.mp4,0.11764705882352941
769,"[0, 0, 1692, 2160]",1918,0.11851851851851852,lore.mp4,0.11347517730496454
770,"[0, 0, 1731, 2160]",1919,0.11851851851851852,lore.mp4,0.11091854419410745
771,"[0, 0, 1723, 2160]",1920,0.11851851851851852,lore.mp4,0.1114335461404527
772,"[0, 0, 1597, 2160]",1921,0.11851851851851852,lore.mp4,0.12022542266750157
773,"[0, 0, 1684, 2160]",1922,0.11851851851851852,lore.mp4,0.11401425178147269
774,"[0, 0, 1608, 2160]",1923,0.11851851851851852,lore.mp4,0.11940298507462686
775,"[0, 0, 1545, 2160]",1924,0.11851851851851852,lore.mp4,0.12427184466019417
776,"[0, 0, 1401, 2160]",1925,0.11851851851851852,lore.mp4,0.13704496788008566
777,"[0, 0, 1348, 2160]",1926,0.11851851851851852,lore.mp4,0.142433234421365
778,"[0, 0, 1408, 2160]",1927,0.11851851851851852,lore.mp4,0.13636363636363635
779,"[0, 0, 1248, 2160]",1928,0.11851851851851852,lore.mp4,0.15384615384615385
780,"[0, 0, 1250, 2160]",1929,0.11851851851851852,lore.mp4,0.1536
781,"[0, 0, 1205, 2160]",1930,0.11851851851851852,lore.mp4,0.15933609958506223
782,"[0, 0, 1125, 2160]",1931,0.11851851851851852,lore.mp4,0.17066666666666666
783,"[0, 0, 1151, 2160]",1932,0.11851851851851852,lore.mp4,0.16681146828844484
784,"[0, 0, 1059, 2160]",1933,0.11851851851851852,lore.mp4,0.1813031161473088
785,"[0, 0, 1076, 2160]",1934,0.11851851851851852,lore.mp4,0.17843866171003717
